N,T_prevent,Total_Cost,Social_Loss,Intervention_Cost,Final_D_B
1000,10,59.61466479022059,31.614664790220658,27.999999999999932,0.21328265577766775
1000,20,55.46669871495347,29.466698714953534,25.99999999999994,0.21256069364770078
1000,30,61.104352875743686,37.104352875743736,23.999999999999947,0.2364254260720034
1000,40,54.51129291193722,32.51129291193727,21.999999999999954,0.21940546469581296
1000,50,49.91730260275005,29.917302602750087,19.99999999999996,0.20701019431635428
1000,60,47.917965593954385,29.917965593954417,17.999999999999968,0.20938952336606956
1000,70,50.22918039499257,34.229180394992596,15.999999999999975,0.22986637098310542
1000,80,47.505534338465026,33.50553433846504,13.999999999999982,0.2271449142954915
10000,10,62.46567912748202,34.46567912748209,27.999999999999932,0.22459732860724352
10000,20,57.145636077000674,31.145636077000734,25.99999999999994,0.21310320196141327
10000,30,56.11491817409211,32.11491817409217,23.999999999999947,0.2165318381100831
10000,40,53.971759683915266,31.971759683915312,21.999999999999954,0.21639944954541562
10000,50,49.43503496649949,29.43503496649953,19.99999999999996,0.20504031992835361
10000,60,48.20249915324714,30.20249915324717,17.999999999999968,0.20960274499099227
10000,70,48.82181012180328,32.8218101218033,15.999999999999975,0.21986993084503637
10000,80,48.02860143666791,34.02860143666793,13.999999999999982,0.22384314947415068
100000,10,60.30243856796672,32.30243856796678,27.999999999999932,0.21701199318816314
100000,20,58.34366156599188,32.34366156599194,25.99999999999994,0.21767924870287036
100000,30,56.14762257375445,32.1476225737545,23.999999999999947,0.21567480383296678
100000,40,54.45637224142473,32.45637224142477,21.999999999999954,0.2176689490908421
100000,50,51.402508504046295,31.40250850404633,19.99999999999996,0.21289218396804593
100000,60,50.188418748450545,32.18841874845058,17.999999999999968,0.21661499454534824
100000,70,47.45348282236937,31.45348282236939,15.999999999999975,0.2137387938898529
100000,80,46.0815883962924,32.081588396292425,13.999999999999982,0.21702881914705588
1000000,10,60.11828563260248,32.11828563260255,27.999999999999932,0.216111550352696
1000000,20,57.9170929241863,31.91709292418636,25.99999999999994,0.21521961832058678
1000000,30,56.057387831872106,32.057387831872155,23.999999999999947,0.21614953933731496
1000000,40,53.71959783177792,31.719597831777968,21.999999999999954,0.214462273457681
1000000,50,52.15548353650813,32.155483536508164,19.99999999999996,0.21639473037692558
1000000,60,49.94395584824463,31.94395584824466,17.999999999999968,0.21501089221523603
1000000,70,48.03674507885897,32.03674507885899,15.999999999999975,0.21556704961938494
1000000,80,45.98311644518892,31.983116445188937,13.999999999999982,0.21546011530652281
10000000,10,59.99808274601067,31.998082746010734,27.999999999999932,0.21585384059177865
10000000,20,57.98734371481342,31.987343714813477,25.99999999999994,0.2156428468735311
10000000,30,55.96096713552015,31.960967135520203,23.999999999999947,0.21553433359444368
10000000,40,54.132985705606174,32.132985705606224,21.999999999999954,0.21629121051069786
10000000,50,52.11297347590994,32.112973475909975,19.99999999999996,0.21613805946826442
10000000,60,50.07672604943366,32.07672604943369,17.999999999999968,0.2159473891222447
10000000,70,47.965775019366404,31.96577501936643,15.999999999999975,0.21544535695701703
10000000,80,46.056327657679304,32.056327657679326,13.999999999999982,0.21577270136576715
