TimeStep,Baseline_DB,Subtractive_BAN_DB,Additive_Prevent_DB
0,0.05028064383534346,0.05244705009324975,0.04889282654900478
1,0.05170643433115155,0.05385949286483985,0.050282260120800684
2,0.05310732496089835,0.05527033066283654,0.05168789437607714
3,0.05450117009327187,0.05667941175252134,0.05306657180570177
4,0.05587224580386498,0.05808398072030186,0.05444856435864314
5,0.05723522170758265,0.05949805051598754,0.055808761960764
6,0.05859185525085748,0.06090337423344306,0.057150683448777204
7,0.059953895773573684,0.062305417383598696,0.05850001503361477
8,0.06130604210271743,0.06370135926027323,0.05984261417445561
9,0.0626602104077234,0.06508782403262944,0.0611764433775445
10,0.06401679790621108,0.06646124828290459,0.06251699857413683
11,0.06537126820402273,0.06780498861532328,0.06385087858614415
12,0.06673157275682082,0.06914414450638767,0.0651987801534171
13,0.06807856256555966,0.07049246925741443,0.06653279312332919
14,0.06942162463237452,0.07183985145093023,0.06784638760748171
15,0.07075977799109087,0.07316751332729267,0.06914175390837864
16,0.07209317901887219,0.07448733277714022,0.07043222884829506
17,0.07341089808954683,0.07579824384294906,0.07169686836384673
18,0.07474325418887884,0.07710817955352701,0.07295517583997366
19,0.07605602867270968,0.07840024887490134,0.07416108997439168
20,0.07736198581243767,0.07970117642492335,0.07537358849034097
21,0.07863960541599269,0.08097657064698302,0.07660286175344334
22,0.0799248611956251,0.08225651368924175,0.07783579997602451
23,0.08120985324274994,0.08353436817323219,0.07904960851339744
24,0.08247800403496237,0.08480213037832819,0.08023991517381286
25,0.08375605900237462,0.08607392612326925,0.08142516349429042
26,0.08502373186844639,0.08733645708429251,0.08259490789201553
27,0.08628059581376298,0.08859097134893702,0.08378100547017374
28,0.08752937676673818,0.08985134217069177,0.08496307483881851
29,0.08877445799749373,0.09109515575339218,0.08614552895255392
30,0.09002784241793896,0.09232636721524748,0.08730836877759017
31,0.09125060421407008,0.09354818837919561,0.08847681666203425
32,0.09247415207161558,0.09476119273229683,0.08963199071410174
33,0.0936944510123989,0.0959711786314997,0.09077237051300115
34,0.09491619649943991,0.09717756307472297,0.09190835670689451
35,0.09611414970758869,0.09837309494098637,0.0930200109074158
36,0.0973039057987924,0.09955684823359591,0.09411409565954265
37,0.09849827468048933,0.10071529618549242,0.09518783094476516
38,0.09968335690824219,0.10186528566850774,0.09624938225874013
39,0.10087102840936313,0.10301066075203714,0.097310491176923
40,0.10206821009556333,0.10414673305747922,0.09837714238935685
41,0.10327525286659005,0.10528520118800629,0.09945840110358736
42,0.10446660223729519,0.10641712484009858,0.10052898450159355
43,0.10562722753798033,0.1075389097786928,0.10158917063308429
44,0.10677480401605209,0.1086621466601691,0.10264326835710663
45,0.10792031300804417,0.10980488499516579,0.1036897957372806
46,0.10907989161125341,0.11097118212972049,0.10473687859223253
47,0.11023133187424604,0.11215034767001243,0.10576100094409181
48,0.11138850946715034,0.11336075359005036,0.10678016194354749
49,0.11253615417226942,0.11457350568287063,0.1077931694437768
50,0.11366499003973547,0.1157702287812163,0.1087946030805377
51,0.11477204580920677,0.11695580690562604,0.10978885654187286
52,0.11587645352546198,0.11813786834466501,0.11075946425887416
53,0.11697293934460802,0.1193222798004207,0.11173293521997951
54,0.1180511579379503,0.12052559092232629,0.11267629607692363
55,0.11913173470312696,0.12171841553314955,0.11360495654180361
56,0.1201988579262718,0.12290741869223032,0.11452827278217993
57,0.12127135063797712,0.12408556072573751,0.1154323476695353
58,0.12233655504526467,0.1252685238430845,0.11633060342291542
59,0.1234029874622311,0.1264291219975886,0.11722135449592012
60,0.12445315865238317,0.12759459542482227,0.1181200534127829
61,0.12549060068230858,0.12875776958757734,0.11902335469962176
62,0.1265315756826141,0.12990978928097366,0.11990532708193723
63,0.12755529495962492,0.1310565307918305,0.12079041417294152
64,0.1285801638170216,0.13221773907435655,0.12168227876269551
65,0.1296159200513769,0.1333725444693577,0.12255737998640659
66,0.13064669226966216,0.13451818755597242,0.12343077289486053
67,0.1316698435552367,0.13565931890289057,0.12430807375236555
68,0.13267072212175285,0.13679695918906157,0.12517488251566575
69,0.13368529132647092,0.13793706770774508,0.12602951661975476
70,0.13469356646237657,0.13908908987561536,0.12688691068783148
71,0.13569020782231186,0.14023604194546524,0.12772967440904975
72,0.13667953223253954,0.14139529934466516,0.12855764150374493
73,0.13766497368568847,0.14254061497640072,0.12937690888789075
74,0.13866595112524374,0.14368640533064328,0.1301804928294844
75,0.13965470147256134,0.14483987374831167,0.13098316282241576
76,0.14064962374924067,0.14598347389206168,0.13178371079197942
77,0.14163157218119687,0.14710447669228613,0.13259572611296055
78,0.14261636795627158,0.1482241714424789,0.1333816331344691
79,0.14360176975466854,0.14936032603456487,0.13419036817877905
80,0.14457253914366644,0.1504821391519224,0.1350123860159576
81,0.14552416414273808,0.15160196938963505,0.1358234093764411
82,0.1464849423050605,0.1527211246654715,0.13660919988978668
83,0.14745184895862795,0.1538390756296036,0.1373875374807773
84,0.14840977409272482,0.1549239906436386,0.1381728553173745
85,0.14936635460183173,0.1559861811347995,0.1389773613321338
86,0.1503195488552182,0.15703225033026721,0.13978436619867735
87,0.15125177042834578,0.15806860099942746,0.14059544556652318
88,0.15217544376584796,0.15909133420461086,0.14138145089764298
89,0.15309221253927366,0.16010506705270366,0.14218110532374914
90,0.15399881793141537,0.16110609917715296,0.14298521304187706
91,0.1549002658303031,0.1621046055240265,0.14379101243221115
92,0.15579503744289672,0.1631135634103282,0.14459922782401485
93,0.1566765582217427,0.16412739614567992,0.14541847509850386
94,0.15756746980194186,0.16513023268658286,0.1462163217754516
95,0.158469370778106,0.16609428409470467,0.1470156004378228
96,0.1593643744291068,0.1670441965169512,0.14784325735080295
97,0.16026057354197412,0.16799762219785816,0.1486629936154128
98,0.16116834315738865,0.16894662656511203,0.14948006428656285
99,0.16207455489750577,0.16987308397193157,0.15031966650742765
100,0.1629850851064802,0.17080043274133225,0.15118556158581692
101,0.16390047714465464,0.17171407837671324,0.15204819084000265
102,0.16480866350142617,0.1726313776369713,0.1529107800273873
103,0.1657371690587158,0.17355152839377364,0.15378525664048373
104,0.16667564764408282,0.17446210374751406,0.1546616083855395
105,0.16762235691914482,0.17536455853615707,0.1555487423339091
106,0.16856392705300455,0.17626474195247113,0.1564186974011638
107,0.16949724352189963,0.17716430937027336,0.15729916188544107
108,0.17043390506835687,0.17806591128223884,0.15817023451872558
109,0.17138042755470917,0.17896548865929163,0.1590299237369346
110,0.1723143180749934,0.1798892096824701,0.1598934102888089
111,0.17325137557206444,0.18081998881506534,0.1607574575981221
112,0.17418589976621096,0.18175670765563115,0.1616023129688391
113,0.17511076569432074,0.1826804455742885,0.16244169374777312
114,0.17602815609786948,0.18360192292772698,0.16328390291066852
115,0.17693119967155185,0.18450633234618072,0.16412395941262045
116,0.17781942709209408,0.1853979520986195,0.16494677269170757
117,0.17871567019157897,0.18628080537388747,0.1657694427220796
118,0.1795985182480288,0.18716413832763923,0.16659396771144702
119,0.18048219173148364,0.18804719462502487,0.16741910174240882
120,0.18134815475154897,0.1889394462038483,0.16824561812318334
121,0.18221810636714889,0.18985458072060424,0.1690685905756225
122,0.18308278706169365,0.19075713337631886,0.16988895615700544
123,0.18393489685655504,0.1916776468880351,0.17070430515455925
124,0.18479533137145293,0.1926111681748018,0.17152127030579561
125,0.1856420845476339,0.1935438001984344,0.1723383350664257
126,0.18650624028935442,0.1944755338657343,0.1731640549803491
127,0.18737287586347137,0.19541000398372257,0.17398149677291214
128,0.1882273710378666,0.19634990014402312,0.17478348123051154
129,0.18909295347106264,0.19728353067335785,0.1755907636808505
130,0.18997093281977648,0.19821633782758694,0.17640076292940676
131,0.19083670196839297,0.19915683305010604,0.17720195059928787
132,0.19168306347397437,0.20011045262406715,0.17798986304346198
133,0.19253328638496509,0.20104052942128942,0.17878528332587917
134,0.19339031013070593,0.201957785041881,0.17959179672377815
135,0.1942568275228869,0.20287424347817382,0.18040923975646847
136,0.19511813474399134,0.20380160869753872,0.18121125223585718
137,0.19599244378144948,0.2047319278022193,0.18202414862453717
138,0.19686515527622211,0.20565357428277373,0.18283713333852375
139,0.1977280356058637,0.206561751568017,0.18362105842484716
140,0.1985924360388738,0.20747196762543865,0.18439974152079677
141,0.19945195355315196,0.2083841365566047,0.18519393132847034
142,0.20031803078387111,0.20930794754375553,0.18599656172598403
143,0.20116215302003737,0.21021845395348646,0.18681482614008746
144,0.20199600765898684,0.21112713725105492,0.1876360921718055
145,0.20282242533987965,0.21202871924676275,0.18846372045784235
146,0.20365253068144945,0.2129268980633227,0.1893018523822787
147,0.2044802940114074,0.2138340306186136,0.19016030289469263
148,0.20531117895785944,0.21473340317833575,0.19101562706822267
149,0.20614592410117183,0.21561850112308759,0.19187099823019016
