TimeStep,D_B_Naive,D_B_Stealth,X_A_Naive,X_A_Stealth
0,0.050690991845608775,0.05225514461344434,0.10536392033100128,0.10639967024326324
1,0.05205032195400744,0.05368426331795462,0.10550287556188043,0.10614501332569602
2,0.053404298408568064,0.05509419303727309,0.10650467327344458,0.10721003773721959
3,0.05477100144465274,0.05649589199516603,0.10556305515120665,0.10856300801481897
4,0.05613040945607424,0.057866664327111524,0.10604165975008348,0.10946794775433813
5,0.05747225943455149,0.059215778487357554,0.10863496486615305,0.11054434890849657
6,0.05882231523549835,0.060528935775889664,0.10905695350519565,0.1128600628580362
7,0.060179201916233445,0.06183891960690241,0.1100455904329234,0.11530865036157319
8,0.06153415439562345,0.06312632172298588,0.112265983968108,0.11633479020358008
9,0.06290472232756275,0.06439989802674581,0.11337855497738206,0.11838177233992646
10,0.06424846940860024,0.0656439060155423,0.11344256644840528,0.11978263461961038
11,0.06555582000858381,0.06687437533240301,0.11445793689444195,0.12117195204896208
12,0.06686795275907141,0.06810656026415438,0.11564913858737648,0.121939819400201
13,0.06817067771041684,0.06933424840329057,0.11668649881898122,0.12398387336951566
14,0.06945018442115189,0.07054719143314993,0.1183809654375712,0.125174823854194
15,0.07069719103400714,0.07175145368177527,0.12006507393076536,0.12738528657128065
16,0.07193815710372534,0.07295850752960106,0.12130912558890718,0.12888590594093854
17,0.07316184763562886,0.07414182472847747,0.12323810566335353,0.13086717439157602
18,0.07437925266157985,0.07532508584348176,0.12548000967576303,0.13324215278912016
19,0.07560053280244768,0.07653242671769309,0.12814145149009235,0.13604043034076949
20,0.07681175035447489,0.07773415505027753,0.12964724354050788,0.13782888837062165
21,0.07801843900709633,0.07894592076092753,0.1325238681010887,0.1402967326550662
22,0.07921019297844309,0.08012744598841846,0.13389487318896362,0.14201516145981694
23,0.08039064076464689,0.08132219051699993,0.13683504551273007,0.14408603016752208
24,0.08155464706695266,0.08250113103825694,0.13795389708134725,0.14546498284491308
25,0.08271434457254773,0.08369603100980476,0.13967924527701814,0.14767479273640224
26,0.08387363611158159,0.08490786061523962,0.14048528377987418,0.1496755867051241
27,0.08503110933656335,0.08612363102841507,0.14253766306016447,0.15198549432494832
28,0.08618029903183648,0.08733306177428246,0.14405935420590602,0.15343247925925999
29,0.08733376102193778,0.08853723599411063,0.145753766792045,0.1547927654235922
30,0.08848339608519519,0.08972175429763839,0.1487118523383992,0.15656153484077395
31,0.08961233262694432,0.09088768369532658,0.1498773864128309,0.15811654409006032
32,0.09074421070446473,0.09204260003598765,0.15106523052110163,0.16030943321024643
33,0.0918909442162182,0.09320000916037306,0.153071381321479,0.1609334423467127
34,0.09301562446333729,0.09434525115219226,0.1544687405042987,0.16372718700674238
35,0.09413539846286607,0.0954655421060018,0.15641329956008054,0.1643627861557258
36,0.09524224390227735,0.09661506834736008,0.15770825829450877,0.16657041762420619
37,0.0963559346271891,0.09775581050067629,0.16054020103553013,0.16872824735290964
38,0.09745252031768838,0.09890094063833699,0.16202619510146055,0.17059782725667522
39,0.09856156786342089,0.10003881708683852,0.16260857317854122,0.17265699029424528
40,0.099662336911848,0.10116046133204507,0.1639122340434533,0.17448604443886234
41,0.10075285691634907,0.10230103241106225,0.1646458691602341,0.17650510941430644
42,0.10183340141147831,0.10342279425365691,0.16716622073287812,0.17886822287252888
43,0.10290577982222664,0.10452341714442914,0.16832097910187208,0.18005549491831016
44,0.10397848787640421,0.10562078474142135,0.17021279910922596,0.18153791099031769
45,0.10504405647533469,0.10670760427478203,0.17263412602455905,0.1811221930620847
46,0.10608820881519603,0.1077831716289701,0.1746730214454166,0.18278629166241492
47,0.10713818157373735,0.10883378110811864,0.17662536250326544,0.18416632828613075
48,0.10817803384973411,0.10986681920150025,0.1789757474203834,0.18430353935277158
49,0.10922124687883947,0.11088767600657834,0.17994534469793932,0.1849692001710718
50,0.11022525825941114,0.11191208539502376,0.1829373331498234,0.1840558261799771
51,0.11124885546853124,0.11292121681937144,0.1850416289636268,0.1849479332062303
52,0.1122833221281188,0.11390463225731767,0.18543969157206922,0.184769076727863
53,0.11330656022533918,0.1148860996318358,0.18552006284972908,0.18443257496047652
54,0.11433708201301544,0.11586991604930892,0.1860704824355484,0.18539383884090552
55,0.11537396233353663,0.11686972738851442,0.188719102222435,0.18552317143695832
56,0.11640527611356018,0.11786865429124747,0.18849570346889913,0.18588994801776254
57,0.11741932700367348,0.11885905358631549,0.18935631214100512,0.18626194706808438
58,0.11842515635682832,0.119838729899318,0.18985205768271957,0.18706072058899437
59,0.11943251202069638,0.12081042501141002,0.19059238318759705,0.18655986600464342
60,0.1204158845685563,0.12176806634430516,0.1916639347498673,0.1860725614265689
61,0.12138923073001354,0.12273935355060099,0.1921109029759129,0.18745640158324273
62,0.12234740588252728,0.1237103194627048,0.1922839817577903,0.1873958112711063
63,0.12330204039852886,0.12468527076199083,0.19140311438570845,0.18909345830376292
64,0.12424216189321342,0.12566894690601563,0.1917650082000985,0.18919828275313105
65,0.12518519795637123,0.12664059782381218,0.19372660138513914,0.18935334669632978
66,0.12614029382030492,0.1276172698118012,0.19363113872033755,0.18866178979125675
67,0.1270931592041319,0.12858749712874903,0.19608697444976705,0.19054386696189643
68,0.128029528618542,0.1295648785286379,0.19727578183987288,0.19242114077003208
69,0.12897931240439373,0.13053447139189608,0.1980209216426406,0.19333250202961672
70,0.12993241620570284,0.13149552226429587,0.19819700104378626,0.19263227946887895
71,0.13089538127088965,0.1324694942147621,0.1984514877051932,0.1937270014088366
72,0.13183417879400172,0.1334313956154654,0.19824540408749475,0.19489552937555668
73,0.13276384140183434,0.13437479642557032,0.19938742462926526,0.19659997898288156
74,0.13370633193719692,0.13530644679027248,0.19891357270674304,0.19661289267778692
75,0.13463721524487376,0.13620715648627618,0.19911231731771697,0.1969443267699838
76,0.13556313873046627,0.13709070887525554,0.19845954254554,0.19717370309151264
77,0.13649535627960796,0.13800171463834798,0.1980780329928046,0.1972187599052646
78,0.13743442263526906,0.13891574732012646,0.20033801740479754,0.19643719546822253
79,0.1383570630948745,0.13981026535526558,0.20168755979500202,0.19508947247226252
80,0.13928092120486493,0.14071064299516178,0.20241105906647125,0.19619714078103806
81,0.1402216439384755,0.14160366413744283,0.20305450741972086,0.19685800465510253
82,0.14117202626904293,0.14249280867695496,0.20398540805094886,0.19730958774034854
83,0.1421364325857131,0.14337561620439754,0.20435799722042308,0.19641185024035598
84,0.14309207805413154,0.14426146134573553,0.2047644660218342,0.19672400102280038
85,0.14403966069632002,0.14515392655004342,0.2052893387676502,0.19584668784541542
86,0.14498677179154343,0.14605123731541975,0.2064922207571453,0.19596902223341534
87,0.14593105748918583,0.146950537142982,0.2061321617372928,0.19529833296294355
88,0.14686334543474935,0.14785465111700571,0.2071833586063244,0.1959578843539013
89,0.14778826142395957,0.14876368298335996,0.20708914230946784,0.19545216631797202
90,0.1487046912149258,0.14967051133458406,0.20653333644430097,0.19589053594150885
91,0.14960166464071784,0.1505912196267858,0.20737714705383292,0.1964475209319121
92,0.15051069958879226,0.1515139129864051,0.2078426247770676,0.19719149456771887
93,0.15141143899643986,0.15244336503184622,0.2093900850612938,0.19553145673761452
94,0.15232091580968057,0.1534027753536224,0.20949781379875773,0.19532384513319404
95,0.15323251538706376,0.15435870926532033,0.21063171721849433,0.1945150593959372
96,0.15415255446011594,0.15533647851479904,0.21076088925800146,0.19388577826209574
97,0.15508316303748773,0.1562960673261723,0.2106243731445087,0.19367264049424684
98,0.15602331524517113,0.15725396096549246,0.21084355315830294,0.193782032218008
99,0.15695472532460383,0.15819787484417788,0.210547857977861,0.19398336819852705
100,0.1578892556836155,0.15913919565147683,0.21045892519754977,0.19393239999074857
101,0.1588254706409882,0.16009359492307385,0.21036299444098006,0.19383415950655325
102,0.159751611550156,0.1610434898865432,0.21053027397500934,0.19503570270922804
103,0.16065628814390318,0.16200612097461686,0.2085030369789405,0.19473504322329213
104,0.1615398692177466,0.16296558588394952,0.20861250495706615,0.19454548117446974
105,0.16241261377036226,0.1639313050376677,0.20838818058218686,0.19343955827338732
106,0.16330522533693864,0.16489276179931198,0.20836128315935615,0.19435930833705983
107,0.16419649056290586,0.16587604910903722,0.2080994971589497,0.19455964753797472
108,0.16509051159725885,0.16684929787631841,0.2090933093834512,0.19530131096639883
109,0.16596823799719637,0.1678267968931748,0.2097776858711134,0.1947960922014774
110,0.1668391911338057,0.1688009028148224,0.2091516537903973,0.19537830234107612
111,0.16768743201946482,0.1697612265480733,0.210307648710756,0.19627965986957172
112,0.1685445335276957,0.1707375355829288,0.20953197425403514,0.19581162660921983
113,0.16939180287710953,0.17170932279500897,0.2078890128119991,0.19683633885739835
114,0.1702515067658965,0.1726976644841116,0.20912990767230213,0.19694370119699076
115,0.17111715726965315,0.17370042795066418,0.20955378103195277,0.19773213295275172
116,0.17197971574137863,0.17470296074916308,0.20928913517856712,0.19773113126891093
117,0.17283149956643606,0.1757081252105574,0.20992620908154488,0.1997096389374521
118,0.17368721026728803,0.17670129542940305,0.20999884130194524,0.19968931086275823
119,0.17454554667255148,0.1776943815759098,0.21066869449171294,0.19942396905518286
120,0.17540206788411053,0.17869852420566332,0.2104124774645048,0.1997154371586344
121,0.17623996944726297,0.1796801907515661,0.20995490367602684,0.19981578942639136
122,0.17708244303580428,0.1806532370914022,0.21069786183905959,0.20050903821419228
123,0.17793429722680507,0.18163196280686447,0.2103661794239568,0.2008798272713077
124,0.17878453502235642,0.1826092152333758,0.21089207669159912,0.20034823522553835
125,0.17963337013497285,0.1835736894376177,0.20987304081818814,0.2010668417542956
126,0.18049041702524254,0.18454339736744554,0.2089794874717365,0.20138024725438067
127,0.18134112092533403,0.1855164465548718,0.20946293078198286,0.20301868409218435
128,0.1821989698609421,0.18651406661696718,0.20770405830565006,0.20384896828269897
129,0.18307255782489312,0.18751033489211336,0.20777414924499304,0.2035108981727292
130,0.18394790793734336,0.1885014608924708,0.2073419575021345,0.20415167209052934
131,0.18480899521167743,0.1894968372199555,0.20668098070155996,0.20560694828253914
132,0.18565750314501167,0.1904814390355223,0.20571804362580765,0.2052723300019295
133,0.1865137931695472,0.19146318568553958,0.2065605014435122,0.2050205272386853
134,0.18737395558001488,0.19244447408199,0.20712430129474096,0.20516528103773374
135,0.1882190013989546,0.1934256624232865,0.2077142463011621,0.20529065949697783
136,0.18905066969886156,0.19442228237312692,0.20790358717239485,0.2051625475024897
137,0.18988127113553133,0.19542214609337083,0.20845642425361177,0.2057483741620135
138,0.19072382352621503,0.1964271105418096,0.2083548770661673,0.2066982361822785
139,0.19156857260322216,0.19744011839978973,0.20852765290503975,0.20717229585449923
140,0.19237475798033807,0.1984592268065336,0.207593398421167,0.20800269579959269
141,0.1931565992617411,0.19945711239914085,0.20685913667408834,0.20897700002830352
142,0.1939517270430946,0.20045629723772665,0.20694521870242455,0.20874016529490796
143,0.19473781367900198,0.20143602545672598,0.20740942430562412,0.20904484626522088
144,0.19552228664468219,0.20240554182407014,0.20640307443596248,0.20975044631204126
145,0.19632061398486825,0.20339711143739544,0.20710884642070318,0.20987066855884842
146,0.19711073774547855,0.20437433188850676,0.20664721253456134,0.20956237882570913
147,0.19792298493583918,0.20533474644581998,0.20655814780743784,0.2091955352342115
148,0.19874054769681818,0.20629581511576986,0.2066316050126795,0.20935808554493665
149,0.1995648811334384,0.20724913236076542,0.20715037769469477,0.20935798502947056
150,0.20039329578603718,0.20821971067459843,0.2069458722516394,0.2085516645739048
151,0.20122886305163343,0.20920008283719085,0.20706753487456672,0.2094959032172138
152,0.20205739418244117,0.2101664347761068,0.20639766128583717,0.209902185139387
153,0.2028887373115479,0.21113968234193137,0.20709248528432886,0.20939992130080964
154,0.20372713461854847,0.21211749021587736,0.20648437471273942,0.20975297076427363
155,0.20456202118028763,0.21309581266757238,0.2061698634276346,0.20879674482586064
156,0.2054099459948117,0.21406124778934618,0.2059756335505265,0.20855014163437943
157,0.20627774939771956,0.21501929138598766,0.20471391271087766,0.20931326414360552
158,0.2071651481766551,0.21597683189599698,0.2040449482990789,0.20864582499859818
159,0.20805352349885203,0.2169300868539241,0.20373431250506258,0.20802318198793757
160,0.20894738713955166,0.2178952316042697,0.20359663470860764,0.20964148335752836
161,0.20984011537040126,0.21889053181447848,0.20338363860017433,0.2097687225767649
162,0.2107333452686418,0.21988337985878337,0.2018459668104579,0.2088231482244075
163,0.2116378512763603,0.22088017597783036,0.20217525673475148,0.20857239539974676
164,0.21255600833568286,0.2218672368260224,0.20313464819825344,0.20756279250691687
165,0.21345949156450264,0.22285225761368227,0.20363038160867342,0.20603361571333578
166,0.21435950872628085,0.22384173573431138,0.20377691866982742,0.20514486265917004
167,0.21526210964993903,0.22484260540718132,0.20426267347020297,0.2043870823375044
168,0.21616648327157903,0.2258384145843438,0.2046653082506152,0.20441489781011785
169,0.21705540814602678,0.2268406008455083,0.20421734592309748,0.2038550060442211
170,0.2179404359871371,0.22785339284621536,0.20447769122800394,0.20396139218282253
171,0.21881502197432104,0.2288806914905901,0.2043720701687492,0.2048990979746144
172,0.2196933728857022,0.2299022743135963,0.20404097088363476,0.2053385969190349
173,0.22056875252268304,0.23092433850493024,0.20390658227283928,0.20541959916528055
174,0.22142958973304666,0.2319585227889653,0.20379286312701,0.20548428274056604
175,0.2222943053987919,0.23298307677591917,0.2028617257311109,0.20579354532601607
176,0.2231504521599913,0.2339891057221331,0.20309288934163164,0.20622602058285916
177,0.22401555782444568,0.23498523826817483,0.20328320985624238,0.20524564220369243
178,0.2248889926347111,0.2359960018339295,0.20350490566052842,0.20377085397483727
179,0.22576640406653287,0.23698847003267998,0.20454273417320787,0.20452225484499525
180,0.2266491244792569,0.23799152004464577,0.20405324167061814,0.20521833884694202
181,0.2275421998083366,0.238987388951584,0.20386765064132606,0.20628302902343565
182,0.22843396674821032,0.24000358863176516,0.20405888531255573,0.20682128934200972
183,0.22931948652305015,0.24104711916332144,0.20385036635822065,0.20702792530315145
184,0.23021159357781698,0.24209275066666186,0.20505194200901752,0.2069263718285706
185,0.23109270431352,0.2431415145459651,0.20532830307187225,0.20828117441786903
186,0.23197307515083118,0.24419210212774528,0.20520310967998115,0.20888978505238537
187,0.23284470361733464,0.24524067140506547,0.20464564390455972,0.20834107665739524
188,0.2337075722820565,0.24628153429668845,0.20478995585147153,0.20844045660267807
189,0.2345754702694203,0.24731943009047272,0.20504905031702664,0.2094114265287099
190,0.2354453056473983,0.24835667186172217,0.20498981498403407,0.20990191520641494
191,0.2363161566640067,0.24938504206544432,0.20438605962232645,0.20954211320086372
192,0.23718083407936882,0.2504024696692274,0.2036630104255842,0.20963965326716094
193,0.2380415718839164,0.251413629115924,0.20321392282408315,0.210409192609495
194,0.23891267797558186,0.2524129055629694,0.20406785554901372,0.21051908208621473
195,0.2397750929860104,0.25340686934453516,0.20467333365287405,0.21112930838513982
196,0.24064424482370111,0.25440595223388873,0.20516321634961635,0.21078985319743143
197,0.24149802098561393,0.2553995821470497,0.20523353349342635,0.2121217492120722
198,0.24235177012646153,0.2563801384191461,0.20618140559953907,0.2119133909900683
199,0.243204217895032,0.2573498931915944,0.20638628613907978,0.21244087271049478
